AĞIRLIK & ÖLÇÜLER - Ağırlık,AĞIRLIK & ÖLÇÜLER - Dönüş Çapı,AĞIRLIK & ÖLÇÜLER - Genişlik,AĞIRLIK & ÖLÇÜLER - Uzunluk,AĞIRLIK & ÖLÇÜLER - Yükseklik,BAGAJ ÖZELLİKLERİ - Bagaj Diğer Özellikler,BAGAJ ÖZELLİKLERİ - Bagaj Hacmi (2 Koltuk),BAGAJ ÖZELLİKLERİ - Bagaj Hacmi (5 Koltuk),Başlık,DOKÜMAN - Test Sürüşü Talep Sayfası,DOKÜMAN - Ürün Kataloğu,MOTOR (Elektrikli) - Azami Tork,MOTOR (Elektrikli) - Batarya Kapasitesi,MOTOR (Elektrikli) - Batarya Tipi,MOTOR (Elektrikli) - Diğer Özellikler,MOTOR (Elektrikli) - Menzil (WLTP-Birleşik),MOTOR (Elektrikli) - Menzil (WLTP-Şehir İçi),MOTOR (Elektrikli) - Motor Gücü,MOTOR (Elektrikli) - Ortalama Tüketim (Elk.),MOTOR (Elektrikli) - Şarj Süresi,MOTOR (İçten Yanmalı) - Besleme Tipi,MOTOR (İçten Yanmalı) - Silindir Adedi,MOTOR (İçten Yanmalı) - Silindir Hacmi,MOTOR (İçten Yanmalı) - Yakıt Püskürtme,PERFORMANS - 0-100 Km Hızlanma,PERFORMANS - Azami Hız,PERFORMANS - Azami Tork (Toplam),PERFORMANS - Beygir Gücü (Toplam),TEMEL ÖZELLİKLER - Ait Olduğu Ülke,TEMEL ÖZELLİKLER - Alt Seri,TEMEL ÖZELLİKLER - Araç Türü,TEMEL ÖZELLİKLER - Donanım Paketi,TEMEL ÖZELLİKLER - Gövde Tipi,TEMEL ÖZELLİKLER - Model Yılı,TEMEL ÖZELLİKLER - Motor Tipi,TEMEL ÖZELLİKLER - Motorlu Taşıt Vergisi,TEMEL ÖZELLİKLER - Segment,TEMEL ÖZELLİKLER - Seri,TEMEL ÖZELLİKLER - Yakıt Tipi,URL,YAKIT TÜKETİMİ & EMİSYON - Ortalama Emisyon,YAKIT TÜKETİMİ & EMİSYON - Ortalama Emisyon (WLTP),YAKIT TÜKETİMİ & EMİSYON - Ortalama Y.Tüketimi (100 km),YAKIT TÜKETİMİ & EMİSYON - Ortalama Y.Tüketimi (100 km/WLTP),YAKIT TÜKETİMİ & EMİSYON - Yakıt Kapasitesi,YAKIT TÜKETİMİ & EMİSYON - Çevre Standardı (Emisyon),YAKIT TÜKETİMİ & EMİSYON - Şehir Dışı Tüketim (100 km),YAKIT TÜKETİMİ & EMİSYON - Şehir İçi Tüketim (100 km),YOLCU EMNİYETİ - NCAP/ANCAP Puanı,YOLCU EMNİYETİ - NCAP/ANCAP Web Sayfası,YOLCU EMNİYETİ - NCAP/ANCAP Yılı,YOLCU EMNİYETİ - Çarpışma Testi (NCAP/ANCAP),YÜK ALANI - Azami Yük (İstiap Haddi),YÜK ALANI - Azami Yüklü Ağırlık,YÜK ALANI - Azami İç Yükseklik,ŞANZIMAN & ÇEKİŞ SİSTEMİ - Çekiş,ŞANZIMAN & ÇEKİŞ SİSTEMİ - Şanzıman Kademesi,ŞANZIMAN & ÇEKİŞ SİSTEMİ - Şanzıman Türü,ŞANZIMAN & ÇEKİŞ SİSTEMİ - Şanzıman Özellikleri
2075 kg,,1863 mm,4440 mm,1647 mm,,1295 lt,419 lt,2024 Volvo XC40 Recharge P8 252 HP Ultimate (4x2),2024 Volvo XC40 Recharge P8 252 HP Ultimate (4x2) Test Sürüşü Talep Sayfası,,420 nm,,,,566 km,786 km,185 kW,16.9 kWsa/100km,"AC 3 Faz 11 kW Tip 2 (%0 - %100) 8sa
DC 75 kW (%10 - %80) 28dk.",,,,,7.3 saniye,180 km/s,420 nm,252 BG,İsveç > Çin,,Binek,Ultimate,SUV,2024,BEV (Elektrikli),,C,XC40 Recharge,Elektrik,https://www.epey.com/araba/2024-volvo-xc40-recharge-p8-252-hp-ultimate-4x2.html,,,,,,,,,,,,,,,,Arkadan İtişli,,Otomatik,
2170 kg,,1863 mm,4440 mm,1647 mm,,1295 lt,419 lt,2024 Volvo XC40 Recharge P8 408 HP Ultimate (4x4),2024 Volvo XC40 Recharge P8 408 HP Ultimate (4x4) Test Sürüşü Talep Sayfası,,670 nm,,,,498 km,660 km,300 kW,17.8 kWsa/100km,"AC 3 Faz 11 kW Tip 2 (%0 - %100) 8sa
DC 75 kW (%10 - %80) 28dk.",,,,,4.8 saniye,180 km/s,670 nm,408 BG,İsveç > Çin,,Binek,Ultimate,SUV,2024,BEV (Elektrikli),,C,XC40 Recharge,Elektrik,https://www.epey.com/araba/2024-volvo-xc40-recharge-p8-408-hp-ultimate-4x4.html,,,,,,,,,,,,,,,,4x4 Çekişli,,Otomatik,
2340 kg,,1950 mm,4905 mm,1645 mm,,,,2024 Voyah Free High 489 HP (4x4),2024 Voyah Free High 489 HP (4x4) Test Sürüşü Talep Sayfası,2024 Voyah Free High 489 HP (4x4) Ürün Kataloğu,720 nm,100 kW/sa,Lityum İyon,,630 km,,360 kW,,DC (%20 - %80) 45dk.,,,,,4.4 saniye,200 km/s,720 nm,489 BG,Çin,,Binek,High,Hatchback,2024,BEV (Elektrikli),,,Free,Elektrik,https://www.epey.com/araba/2024-voyah-free-high-489-hp-4x4.html,,,,,,,,,5 yıldız,2024 Voyah Free High 489 HP (4x4) NCAP/ANCAP Web Sayfası,2021,Var,,,,4x4 Çekişli,,Otomatik,
2340 kg,,1950 mm,4905 mm,1645 mm,,,,2024 Voyah Free High Plus 489 HP (4x4),2024 Voyah Free High Plus 489 HP (4x4) Test Sürüşü Talep Sayfası,2024 Voyah Free High Plus 489 HP (4x4) Ürün Kataloğu,720 nm,100 kW/sa,Lityum İyon,,630 km,,360 kW,,DC (%20 - %80) 45dk.,,,,,4.4 saniye,200 km/s,720 nm,489 BG,Çin,,Binek,High Plus,Hatchback,2024,BEV (Elektrikli),,,Free,Elektrik,https://www.epey.com/araba/2024-voyah-free-high-plus-489-hp-4x4.html,,,,,,,,,5 yıldız,2024 Voyah Free High Plus 489 HP (4x4) NCAP/ANCAP Web Sayfası,2021,Var,,,,4x4 Çekişli,,Otomatik,
1980 kg,,1963 mm,4997 mm,1455 mm,Ön Bagaj Bölmesi 105 Lt.,,517 lt,2024 Xiaomi SU7 295 HP (4X2),,,400 nm,73.6 kW/sa,Lityum Demir Fosfat (LFP),,560 km,,220 kW,15.5 kWsa/100km,,,,,,5.3 saniye,210 km/s,400 nm,295 BG,Çin,,Binek,,Sedan,2024,BEV (Elektrikli),,D,SU7,Elektrik,https://www.epey.com/araba/2024-xiaomi-su7-295-hp-4x2.html,,,,,,,,,5 yıldız,2024 Xiaomi SU7 295 HP (4X2) NCAP/ANCAP Web Sayfası,2024,Var,,,,Arkadan İtişli,,Otomatik,
2205 kg,,1963 mm,4997 mm,1455 mm,Ön Bagaj Bölmesi 105 Lt.,,517 lt,2024 Xiaomi SU7 Max 673 HP (4X4),,,838 nm,101.0 kW/sa,Lityum Demir Fosfat (LFP),,560 km,,495 kW,,,,,,,2.8 saniye,265 km/s,838 nm,673 BG,Çin,,Binek,,Sedan,2024,BEV (Elektrikli),,D,SU7,Elektrik,https://www.epey.com/araba/2024-xiaomi-su7-max-673-hp-4x4.html,,,,,,,,,5 yıldız,2024 Xiaomi SU7 Max 673 HP (4X4) NCAP/ANCAP Web Sayfası,2024,Var,,,,4x4 Çekişli,,Otomatik,
,,1396 mm,2899 mm,1543 mm,,,,2024 Yuki AMY 5 BG (4x2),,,21.8 nm,,,,,100 km,4 kW,13.8 kWsa/100km,7 Saat,,,,,,45 km/s,21.8 nm,5 BG,Türkiye,,Binek,,Hatchback,2024,BEV (Elektrikli),,A,AMY,Elektrik,https://www.epey.com/araba/2024-yuki-amy-5-bg-4x2.html,,,,,,,,,,,,,,,,Önden Çekişli,,Otomatik,
1658 kg,10.50 mt.,1770 mm,4290 mm,1570 mm,,1329 lt,364 lt,2025 BYD Dolphin 204 HP Comfort (4x2),2025 BYD Dolphin 204 HP Comfort (4x2) Test Sürüşü Talep Sayfası,2025 BYD Dolphin 204 HP Comfort (4x2) Ürün Kataloğu,310 nm,60.4 kW/sa,BYD Blade Batarya (LFP),,427 km,559 km,150 kW,15.9 kWsa/100km,"AC (11 kW) (%0 - %100) 6sa.12dk.
DC (110 kW) (%10 - %80) 36dk.
DC (110 kW) (%30 - %80) 26dk.",,,,,7.0 saniye,160 km/s,310 nm,204 BG,Çin,,Binek,Comfort,Hatchback,2025,BEV (Elektrikli),,B,Dolphin,Elektrik,https://www.epey.com/araba/2025-byd-dolphin-204-hp-comfort-4x2.html,,,,,,,,,5 yıldız,2025 BYD Dolphin 204 HP Comfort (4x2) NCAP/ANCAP Web Sayfası,2023,Var,,,,Önden Çekişli,,Otomatik,
1658 kg,10.50 mt.,1770 mm,4290 mm,1570 mm,,1329 lt,364 lt,2025 BYD Dolphin 204 HP Design (4x2),2025 BYD Dolphin 204 HP Design (4x2) Test Sürüşü Talep Sayfası,2025 BYD Dolphin 204 HP Design (4x2) Ürün Kataloğu,310 nm,60.4 kW/sa,BYD Blade Batarya (LFP),,427 km,559 km,150 kW,15.9 kWsa/100km,"AC (11 kW) (%0 - %100) 6sa.12dk.
DC (110 kW) (%10 - %80) 36dk.
DC (110 kW) (%30 - %80) 26dk.",,,,,7.0 saniye,160 km/s,310 nm,204 BG,Çin,,Binek,Design,Hatchback,2025,BEV (Elektrikli),,B,Dolphin,Elektrik,https://www.epey.com/araba/2025-byd-dolphin-204-hp-design-4x2.html,,,,,,,,,5 yıldız,2025 BYD Dolphin 204 HP Design (4x2) NCAP/ANCAP Web Sayfası,2023,Var,,,,Önden Çekişli,,Otomatik,
1940 kg,,1890 mm,4775 mm,1670 mm,,1440 lt,425 lt,2025 BYD Seal U DM-i PHEV 1.5 Design 218 HP (4x2),2025 BYD Seal U DM-i PHEV 1.5 Design 218 HP (4x2) Test Sürüşü Talep Sayfası,2025 BYD Seal U DM-i PHEV 1.5 Design 218 HP (4x2) Ürün Kataloğu,300 nm,18.3 kW/sa,BYD Blade Batarya (LFP),,80 km,113 km,145 kW,21.0 kWsa/100km,"AC (11 kW) (%15 - %100) 120dk.
DC (18 kW) (%30 - %80) 35dk.",Atmosferik,4,1498 cc,Çok Noktadan Enjeksiyon,8.9 saniye,170 km/s,300 nm,218 BG,Çin,,Binek,Design,SUV,2025,PHEV (Prizden Şarjlı HEV),,D,Seal U DM-i,Benzin & Elektrik,https://www.epey.com/araba/2025-byd-seal-u-dm-i-phev-1-5-design-218-hp-4x2.html,,20.5 g/km,3.3 lt,,60 lt,,,,5 yıldız,2025 BYD Seal U DM-i PHEV 1.5 Design 218 HP (4x2) NCAP/ANCAP Web Sayfası,2023,Var,,,,Önden Çekişli,,Otomatik,e-CVT
2147 kg,,1890 mm,4785 mm,1668 mm,,1440 lt,425 lt,2025 BYD Seal U EV Design 218 HP (4x2),2025 BYD Seal U EV Design 218 HP (4x2) Test Sürüşü Talep Sayfası,2025 BYD Seal U EV Design 218 HP (4x2) Ürün Kataloğu,330 nm,87.0 kW/sa,BYD Blade Batarya (LFP),,500 km,674 km,160 kW,20.5 kWsa/100km,"AC (11 kW) (%0 - %100) 9sa.3dk.
DC (140 kW) (%10 - %80) 43dk.
DC (140 kW) (%30 - %80) 28dk.",,,,,9.6 saniye,175 km/s,330 nm,218 BG,Çin,,Binek,Design,SUV,2025,BEV (Elektrikli),,D,Seal U,Elektrik,https://www.epey.com/araba/2025-byd-seal-u-ev-design-218-hp-4x2.html,,,,,,,,,5 yıldız,2025 BYD Seal U EV Design 218 HP (4x2) NCAP/ANCAP Web Sayfası,2023,Var,,,,Önden Çekişli,,Otomatik,
1567 kg,,1862 mm,4513 mm,1705 mm,,,475 lt,2025 Chery Tiggo7 Pro Max 1.6 145 HP DCT Exceptional (4x2),2025 Chery Tiggo7 Pro Max 1.6 145 HP DCT Exceptional (4x2) Test Sürüşü Talep Sayfası,2025 Chery Tiggo7 Pro Max 1.6 145 HP DCT Exceptional (4x2) Ürün Kataloğu,,,,,,,,,,Turbo,4,1598 cc,Direkt Enjeksiyon,10.3 saniye,180 km/s,275 nm,145 BG,Çin,,Binek,Exceptional,SUV,2025,İçten Yanmalı (Standart),,C,Tiggo7 Pro Max,Benzin,https://www.epey.com/araba/2025-chery-tiggo7-pro-max-1-6-145-hp-dct-exceptional-4x2.html,,166 g/km,,7.3 lt,51 lt,,,,5 yıldız,2025 Chery Tiggo7 Pro Max 1.6 145 HP DCT Exceptional (4x2) NCAP/ANCAP Web Sayfası,2023,Var,,,,Önden Çekişli,7 ileri,Otomatik,DCT (Yarı Otm.)
1567 kg,,1862 mm,4513 mm,1705 mm,,,475 lt,2025 Chery Tiggo7 Pro Max 1.6 145 HP DCT Intelligent (4x2),2025 Chery Tiggo7 Pro Max 1.6 145 HP DCT Intelligent (4x2) Test Sürüşü Talep Sayfası,2025 Chery Tiggo7 Pro Max 1.6 145 HP DCT Intelligent (4x2) Ürün Kataloğu,,,,,,,,,,Turbo,4,1598 cc,Direkt Enjeksiyon,10.3 saniye,180 km/s,275 nm,145 BG,Çin,,Binek,Intelligent,SUV,2025,İçten Yanmalı (Standart),,C,Tiggo7 Pro Max,Benzin,https://www.epey.com/araba/2025-chery-tiggo7-pro-max-1-6-145-hp-dct-intelligent-4x2.html,,166 g/km,,7.3 lt,51 lt,,,,5 yıldız,2025 Chery Tiggo7 Pro Max 1.6 145 HP DCT Intelligent (4x2) NCAP/ANCAP Web Sayfası,2023,Var,,,,Önden Çekişli,7 ileri,Otomatik,DCT (Yarı Otm.)
1704 kg,,1860 mm,4720 mm,1705 mm,,,479 lt,2025 Chery Tiggo8 Pro Max 1.6 145 HP DCT Exceptional (4x2),2025 Chery Tiggo8 Pro Max 1.6 145 HP DCT Exceptional (4x2) Test Sürüşü Talep Sayfası,2025 Chery Tiggo8 Pro Max 1.6 145 HP DCT Exceptional (4x2) Ürün Kataloğu,,,,,,,,,,Turbo,4,1598 cc,Direkt Enjeksiyon,10.6 saniye,190 km/s,275 nm,145 BG,Çin,,Binek,Exceptional,SUV,2025,İçten Yanmalı (Standart),,D,Tiggo8 Pro Max,Benzin,https://www.epey.com/araba/2025-chery-tiggo8-pro-max-1-6-145-hp-dct-exceptional-4x2.html,,171 g/km,,7.5 lt,57 lt,,,,5 yıldız,2025 Chery Tiggo8 Pro Max 1.6 145 HP DCT Exceptional (4x2) NCAP/ANCAP Web Sayfası,2023,Var,,,,Önden Çekişli,7 ileri,Otomatik,DCT (Yarı Otm.)
1704 kg,,1860 mm,4720 mm,1705 mm,,,479 lt,2025 Chery Tiggo8 Pro Max 1.6 145 HP DCT Intelligent (4x2),2025 Chery Tiggo8 Pro Max 1.6 145 HP DCT Intelligent (4x2) Test Sürüşü Talep Sayfası,2025 Chery Tiggo8 Pro Max 1.6 145 HP DCT Intelligent (4x2) Ürün Kataloğu,,,,,,,,,,Turbo,4,1598 cc,Direkt Enjeksiyon,10.6 saniye,190 km/s,275 nm,145 BG,Çin,,Binek,Intelligent,SUV,2025,İçten Yanmalı (Standart),,D,Tiggo8 Pro Max,Benzin,https://www.epey.com/araba/2025-chery-tiggo8-pro-max-1-6-145-hp-dct-intelligent-4x2.html,,171 g/km,,7.5 lt,57 lt,,,,5 yıldız,2025 Chery Tiggo8 Pro Max 1.6 145 HP DCT Intelligent (4x2) NCAP/ANCAP Web Sayfası,2023,Var,,,,Önden Çekişli,7 ileri,Otomatik,DCT (Yarı Otm.)
1428 kg,,1610 mm,3825 mm,1610 mm,Kızaklı Arka Koltuklar En Önde 351 Lt.,1059 lt,238 lt,2025 Hyundai INSTER Advance 115 BG (4X2),2025 Hyundai INSTER Advance 115 BG (4X2) Test Sürüşü Talep Sayfası,2025 Hyundai INSTER Advance 115 BG (4X2) Ürün Kataloğu,147 nm,49.0 kW/sa,Lityum İyon,,360 km,493 km,84.5 kW,15.1 kWsa/100km,"AC 4sa.35dk.
DC (50 kW) (%10 - %80) 55dk.
DC 350 kW (%10 - %80) 30 dk.",,,,,10.6 saniye,150 km/s,147 nm,115 BG,Güney Kore,,Binek,Advance,SUV,2025,BEV (Elektrikli),,A,INSTER,Elektrik,https://www.epey.com/araba/2025-hyundai-inster-advance-115-bg-4x2.html,,,,,,,,,4 yıldız,2025 Hyundai INSTER Advance 115 BG (4X2) NCAP/ANCAP Web Sayfası,2025,Var,,,,Önden Çekişli,,Otomatik,
1514 kg,,1795 mm,4385 mm,1635 mm,,1600 lt,460 lt,2025 Opel Frontera Elektrik 111 HP Edition (4x2),2025 Opel Frontera Elektrik 111 HP Edition (4x2) Test Sürüşü Talep Sayfası,,125 nm,44.0 kW/sa,LiFePO 4 (Lityum-Demir-Fosfat),,304 km,,83 kW,18.3 kWsa/100km,"AC 1 Faz 7.4 kW (%100) 7s 6dk
AC 3 Faz 11 kW (%100) 5 Saat
DC (100 kW) (%0 - %80) 26dk.",,,,,12.1 saniye,140 km/s,125 nm,111 BG,Almanya > Hollanda,,Binek,Edition,SUV,2025,BEV (Elektrikli),,B,Frontera,Elektrik,https://www.epey.com/araba/2025-opel-frontera-elektrik-111-hp-edition-4x2.html,,,,,,,,,,,,,,,,Önden Çekişli,,,
1344 kg,,1795 mm,4385 mm,1635 mm,,1600 lt,460 lt,2025 Opel Frontera Hybrid 1.2 136 HP Edition (4x2),2025 Opel Frontera Hybrid 1.2 136 HP Edition (4x2) Test Sürüşü Talep Sayfası,,55 nm,,,,,,21 kW,,,Turbo,3,1199 cc,Direkt Enjeksiyon,9.0 saniye,190 km/s,230 nm,136 BG,Almanya > Hollanda,,Binek,Edition,SUV,2025,HEV (Benzinli & Elektrikli),,B,Frontera,Benzin & Elektrik,https://www.epey.com/araba/2025-opel-frontera-hybrid-1-2-136-hp-edition-4x2.html,,122 g/km,5.5 lt,,44 lt,,,,,,,,,,,Önden Çekişli,6 ileri,Otomatik,
1344 kg,,1795 mm,4385 mm,1635 mm,,1600 lt,460 lt,2025 Opel Frontera Hybrid 1.2 136 HP GS (4x2),2025 Opel Frontera Hybrid 1.2 136 HP GS (4x2) Test Sürüşü Talep Sayfası,,55 nm,,,,,,21 kW,,,Turbo,3,1199 cc,Direkt Enjeksiyon,9.0 saniye,190 km/s,230 nm,136 BG,Almanya > Hollanda,,Binek,GS,SUV,2025,HEV (Benzinli & Elektrikli),,B,Frontera,Benzin & Elektrik,https://www.epey.com/araba/2025-opel-frontera-hybrid-1-2-136-hp-gs-4x2.html,,122 g/km,5.5 lt,,44 lt,,,,,,,,,,,Önden Çekişli,6 ileri,Otomatik,
2120 kg,,1934 mm,4650 mm,2103 mm,,1645 lt,550 lt,2025 Opel Grandland Elektrik 210 HP GS (4x2),2025 Opel Grandland Elektrik 210 HP GS (4x2) Test Sürüşü Talep Sayfası,2025 Opel Grandland Elektrik 210 HP GS (4x2) Ürün Kataloğu,345 nm,82.0 kW/sa,,,585 km,,157 kW,17.7 kWsa/100km,DC (150 kW) (%80) 29dk.,,,,,9.0 saniye,170 km/s,345 nm,210 BG,Almanya > (Fransa/İtalya/Amerika Ortak),,Binek,GS,SUV,2025,BEV (Elektrikli),,C,Grandland,Elektrik,https://www.epey.com/araba/2025-opel-grandland-elektrik-210-hp-gs-4x2.html,,,,,,,,,4 yıldız,2025 Opel Grandland Elektrik 210 HP GS (4x2) NCAP/ANCAP Web Sayfası,2025,Var,,,,Önden Çekişli,,Otomatik,
2108 kg,,1890 mm,4535 mm,1665 mm,,,520 lt,2025 Peugeot E-3008 Allure 210 HP (4x2),2025 Peugeot E-3008 Allure 210 HP (4x2) Test Sürüşü Talep Sayfası,2025 Peugeot E-3008 Allure 210 HP (4x2) Ürün Kataloğu,345 nm,73.0 kW/sa,Lityum İyon,,483 km,,157 kW,18.5 kWsa/100km,"AC 11 kW (%20 - %80) 4s 30dk.
AC 7.4 kW (%20 - %80) 6s. 45dk.
DC (160 kW) (%20 - %80) 30dk.",,,,,8.8 saniye,170 km/s,345 nm,210 BG,Fransa,,Binek,Allure,SUV,2025,BEV (Elektrikli),,C,3008,Elektrik,https://www.epey.com/araba/2025-peugeot-e-3008-allure-210-hp-4x2.html,,,,,,,,,4 yıldız,2025 Peugeot E-3008 Allure 210 HP (4x2) NCAP/ANCAP Web Sayfası,2025,Var,,,,Önden Çekişli,,Otomatik,
2108 kg,,1890 mm,4535 mm,1665 mm,,,520 lt,2025 Peugeot E-3008 GT 210 HP (4x2),2025 Peugeot E-3008 GT 210 HP (4x2) Test Sürüşü Talep Sayfası,,345 nm,73.0 kW/sa,Lityum İyon,,483 km,,157 kW,18.5 kWsa/100km,"AC 11 kW (%20 - %80) 4s 30dk.
AC 7.4 kW (%20 - %80) 6s. 45dk.
DC (160 kW) (%20 - %80) 30dk.",,,,,8.8 saniye,170 km/s,345 nm,210 BG,Fransa,,Binek,GT,SUV,2025,BEV (Elektrikli),,C,3008,Elektrik,https://www.epey.com/araba/2025-peugeot-e-3008-gt-210-hp-4x2.html,,,,,,,,,4 yıldız,2025 Peugeot E-3008 GT 210 HP (4x2) NCAP/ANCAP Web Sayfası,2025,Var,,,,Önden Çekişli,,Otomatik,
1898 kg,,1982 mm,4790 mm,1624 mm,,2138 lt,,2025 Tesla Model Y Long Range 340 HP (4x2),2025 Tesla Model Y Long Range 340 HP (4x2) Test Sürüşü Talep Sayfası,,450 nm,75 kW/sa,,,622 km,,250 kW,15.3 kWsa/100km,15 Dakika Şarj İle 267 Km Menzil,,,,,7.6 saniye,201 km/s,378 nm,514 BG,Amerika,,Binek,,SUV,2025,BEV (Elektrikli),,C,Model Y,Elektrik,https://www.epey.com/araba/2025-tesla-model-y-long-range-340-hp-4x2.html,,,,,,,,,5 yıldız,2025 Tesla Model Y Long Range 340 HP (4x2) NCAP/ANCAP Web Sayfası,2022,Var,,,,Arkadan İtişli,,Otomatik,
1997 kg,,1982 mm,4790 mm,1624 mm,,2138 lt,,2025 Tesla Model Y Long Range 514 HP (4x4),2025 Tesla Model Y Long Range 514 HP (4x4) Test Sürüşü Talep Sayfası,,493 nm,75 kW/sa,,Çift Motor,568 km,,378 kW,15.3 kWsa/100km,15 Dakika Şarj İle 267 Km Menzil,,,,,4.8 saniye,201 km/s,378 nm,514 BG,Amerika,,Binek,,SUV,2025,BEV (Elektrikli),,C,Model Y,Elektrik,https://www.epey.com/araba/2025-tesla-model-y-long-range-514-hp-4x4.html,,,,,,,,,5 yıldız,2025 Tesla Model Y Long Range 514 HP (4x4) NCAP/ANCAP Web Sayfası,2022,Var,,,,4x4 Çekişli,,Otomatik,
1980 kg,,1963 mm,4997 mm,1455 mm,Ön Bagaj Bölmesi 105 Lt.,,517 lt,2025 Xiaomi SU7 295 HP (4X2),,,400 nm,73.6 kW/sa,Lityum Demir Fosfat (LFP),,560 km,,220 kW,15.5 kWsa/100km,,,,,,5.3 saniye,210 km/s,400 nm,295 BG,Çin,,Binek,,Sedan,2025,BEV (Elektrikli),,D,SU7,Elektrik,https://www.epey.com/araba/2025-xiaomi-su7-295-hp-4x2.html,,,,,,,,,5 yıldız,2025 Xiaomi SU7 295 HP (4X2) NCAP/ANCAP Web Sayfası,2024,Var,,,,Arkadan İtişli,,Otomatik,
2205 kg,,1963 mm,4997 mm,1455 mm,Ön Bagaj Bölmesi 105 Lt.,,517 lt,2025 Xiaomi SU7 Max 664 HP (4X4),,,838 nm,101 kW/sa,Lityum Demir Fosfat (LFP),,640 km,,495 kW,18.6 kWsa/100km,,,,,,2.8 saniye,265 km/s,838 nm,664 BG,Çin,,Binek,,Sedan,2025,BEV (Elektrikli),,D,SU7,Elektrik,https://www.epey.com/araba/2025-xiaomi-su7-max-664-hp-4x4.html,,,,,,,,,5 yıldız,2025 Xiaomi SU7 Max 664 HP (4X4) NCAP/ANCAP Web Sayfası,2024,Var,,,,4x4 Çekişli,,Otomatik,
2090 kg,,1963 mm,4997 mm,1455 mm,Ön Bagaj Bölmesi 105 Lt.,,517 lt,2025 Xiaomi SU7 Pro 295 HP (4X2),,,400 nm,94.3 kW/sa,Lityum Demir Fosfat (LFP),,660 km,,220 kW,16.8 kWsa/100km,,,,,,5.7 saniye,210 km/s,400 nm,295 BG,Çin,,Binek,,Sedan,2025,BEV (Elektrikli),,D,SU7,Elektrik,https://www.epey.com/araba/2025-xiaomi-su7-pro-295-hp-4x2.html,,,,,,,,,5 yıldız,2025 Xiaomi SU7 Pro 295 HP (4X2) NCAP/ANCAP Web Sayfası,2024,Var,,,,Arkadan İtişli,,Otomatik,
2315 kg,,1996 mm,4999 mm,1608 mm,Ön Bagaj Bölmesi 141 Lt.,1758 lt,678 lt,2025 Xiaomi YU7 315 HP (4x2),,,528 nm,96.3 kW/sa,Li-ion LFP,,668 km,,235 kW,17.0 kWsa/100km,DC (%10 - %80) 21dk.,,,,,5.9 saniye,240 km/s,528 nm,315 BG,Çin,,Binek,,SUV,2025,BEV (Elektrikli),,D,YU7,Elektrik,https://www.epey.com/araba/2025-xiaomi-yu7-315-hp-4x2.html,,,,,,,,,,,,,,,,Arkadan İtişli,,Otomatik,
2405 kg,,1996 mm,4999 mm,1608 mm,Ön Bagaj Bölmesi 141 Lt.,1758 lt,678 lt,2025 Xiaomi YU7 Max 681 HP (4x4),,,866 nm,101.7 kW/sa,Li-ion LFP,,608 km,,508 kW,19.7 kWsa/100km,DC (%10 - %80) 21dk.,,,,,3.2 saniye,253 km/s,866 nm,681 BG,Çin,,Binek,,SUV,2025,BEV (Elektrikli),,D,YU7,Elektrik,https://www.epey.com/araba/2025-xiaomi-yu7-max-681-hp-4x4.html,,,,,,,,,,,,,,,,4x4 Çekişli,,Otomatik,
2425 kg,,1996 mm,4999 mm,1608 mm,Ön Bagaj Bölmesi 141 Lt.,1758 lt,678 lt,2025 Xiaomi YU7 Pro 489 HP (4x4),,,690 nm,96.3 kW/sa,Li-ion LFP,,616 km,,365 kW,18.4 kWsa/100km,DC (%10 - %80) 21dk.,,,,,4.3 saniye,240 km/s,690 nm,489 BG,Çin,,Binek,,SUV,2025,BEV (Elektrikli),,D,YU7,Elektrik,https://www.epey.com/araba/2025-xiaomi-yu7-pro-489-hp-4x4.html,,,,,,,,,,,,,,,,4x4 Çekişli,,Otomatik,
2250 kg,,1910 mm,4995 mm,1495 mm,,,410 lt,BYD Han 510 HP (4x4),,BYD Han 510 HP (4x4) Ürün Kataloğu,700 nm,,Lityum Demir Fosfat (LFP),,521 km,662 km,380 kW,,DC (120 kW) (%30 - %80) 30dk.,,,,,3.9 saniye,180 km/s,700 nm,510 BG,Çin,,Binek,,Sedan,2024,BEV (Elektrikli),,E,HAN,Elektrik,https://www.epey.com/araba/byd-han-510-hp-4x4.html,,,,,,,,,,,,,,,,4x4 Çekişli,,Otomatik,
471 kg,,1360 mm,2410 mm,1525 mm,,63 lt,,Citroen Ami One Electric 8 HP (4x2),,Citroen Ami One Electric 8 HP (4x2) Ürün Kataloğu,40 nm,5.5 kW/sa,,,,75 km,6 kW,,4 Saat,,,,,,45 km/s,40 nm,8 BG,Fransa,,Binek,,Hatchback,2024,BEV (Elektrikli),,A,Ami One,Elektrik,https://www.epey.com/araba/citroen-ami-one-electric-8-hp-4x2.html,,,,,,,,,,,,,,,,Önden Çekişli,,Otomatik,
487 kg,,1400 mm,2535 mm,1530 mm,,,,Fiat Topolino 8.2 HP (4x2),,,44 nm,,Lityum İyon,,75 km,,6 kW,8.0 kWsa/100km,4 Saatte %100 Şarj (Standart Elektrik Prizi İle),,,,,,45 km/s,44 nm,8.2 BG,İtalya,,Binek,Topolino,Hatchback,2024,BEV (Elektrikli),,,Topolino,Elektrik,https://www.epey.com/araba/fiat-topolino-8-2-hp-4x2.html,,,,,,,,,,,,,,,,Önden Çekişli,,Otomatik,
487 kg,,1400 mm,2535 mm,1530 mm,,,,Fiat Topolino Plus 8.2 HP (4x2),,,44 nm,,Lityum İyon,,75 km,,6 kW,8.0 kWsa/100km,4 Saatte %100 Şarj (Standart Elektrik Prizi İle),,,,,,45 km/s,44 nm,8.2 BG,İtalya,,Binek,Topolino Plus,Hatchback,2024,BEV (Elektrikli),,,Topolino,Elektrik,https://www.epey.com/araba/fiat-topolino-plus-8-2-hp-4x2.html,,,,,,,,,,,,,,,,Önden Çekişli,,Otomatik,
1737 kg,,1876 mm,4574 mm,1664 mm,,1375 lt,448 lt,MG E-HS Plug-in Hybrid Comfort 258 PS (4x2),MG E-HS Plug-in Hybrid Comfort 258 PS (4x2) Test Sürüşü Talep Sayfası,MG E-HS Plug-in Hybrid Comfort 258 PS (4x2) Ürün Kataloğu,230 nm,16.6 kW/sa,Lityum İyon,,52 km,,90 kW,,,Turbo,,1500 cc,Direkt Enjeksiyon,6.9 saniye,190 km/s,480 nm,258 BG,İngiltere > Çin,,Binek,Comfort,SUV,2024,PHEV (Prizden Şarjlı HEV),4434 tl/yıl,C,E-HS,Benzin & Elektrik,https://www.epey.com/araba/mg-e-hs-plug-in-hybrid-comfort-258-ps-4x2.html,,43 g/km,,1.8 lt,37 lt,,,,5 yıldız,MG E-HS Plug-in Hybrid Comfort 258 PS (4x2) NCAP/ANCAP Web Sayfası,2019,Var,,,,Önden Çekişli,10 ileri,Otomatik,
1737 kg,,1876 mm,4574 mm,1664 mm,,1375 lt,448 lt,MG E-HS Plug-in Hybrid Luxury 258 PS (4x2),MG E-HS Plug-in Hybrid Luxury 258 PS (4x2) Test Sürüşü Talep Sayfası,MG E-HS Plug-in Hybrid Luxury 258 PS (4x2) Ürün Kataloğu,230 nm,16.6 kW/sa,Lityum İyon,,52 km,,90 kW,,,Turbo,,1500 cc,Direkt Enjeksiyon,6.9 saniye,190 km/s,480 nm,258 BG,İngiltere > Çin,,Binek,Luxury,SUV,2024,PHEV (Prizden Şarjlı HEV),4434 tl/yıl,C,E-HS,Benzin & Elektrik,https://www.epey.com/araba/mg-e-hs-plug-in-hybrid-luxury-258-ps-4x2.html,,43 g/km,,1.8 lt,37 lt,,,,5 yıldız,MG E-HS Plug-in Hybrid Luxury 258 PS (4x2) NCAP/ANCAP Web Sayfası,2019,Var,,,,Önden Çekişli,10 ileri,Otomatik,
1736 kg,,1848 mm,4403 mm,1880 mm,,2216 lt,1414 lt,Opel Combo Elektrik 136 HP Edition,,Opel Combo Elektrik 136 HP Edition Ürün Kataloğu,270 nm,50 kW/sa,,Yerleşik AC Şarj Cihazı (7.4 kW),346 km,458 km,100 kW,19.5 kWsa/100km,"AC (7.4 kW) (%0 - %100) 7sa.30dk.
DC (100 kW) (%20 - %80) 30dk.",,,,,11.7 saniye,132 km/s,270 nm,136 BG,Almanya > (Fransa/İtalya/Amerika Ortak),,Binek,Edition,Kombi,2024,BEV (Elektrikli),,Mini Ticari,Combo Elektrik,Elektrik,https://www.epey.com/araba/opel-combo-elektrik-136-hp-edition.html,,,,,,,,,4 yıldız,Opel Combo Elektrik 136 HP Edition NCAP/ANCAP Web Sayfası,2018,Var,,,,Önden Çekişli,1 ileri,Otomatik,Tek Vitesli Redüktör Şanzıman
1521 kg,,1835 mm,4418 mm,1854 mm,,2761 lt,1529 lt,2020 Ford Tourneo Connect 1.5 EcoBlue 100 PS Deluxe,2020 Ford Tourneo Connect 1.5 EcoBlue 100 PS Deluxe Test Sürüşü Talep Sayfası,2020 Ford Tourneo Connect 1.5 EcoBlue 100 PS Deluxe Ürün Kataloğu,,,,,,,,,,Turbo,4,1499 cc,Common Rail Direkt Enjeksiyon,13.3 saniye,169 km/s,240 nm,100 BG,Amerika,Kombi,Binek,Deluxe,MPV,2020,İçten Yanmalı (Standart),,B,Tourneo Connect,Dizel,https://www.epey.com/araba/yeni-ford-tourneo-connect.html,120 g/km,,4.5 lt,,60 lt,Euro 6.2,4.3 lt,5.1 lt,4 yıldız,2020 Ford Tourneo Connect 1.5 EcoBlue 100 PS Deluxe NCAP/ANCAP Web Sayfası,2018,Var,749 kg,2270 kg,1245 mm,Önden Çekişli,6 ileri,Manuel,
